-- phpMyAdmin SQL Dump
-- version 3.2.4
-- http://www.phpmyadmin.net
--
-- Host: localhost
-- Generation Time: Sep 17, 2012 at 01:44 PM
-- Server version: 5.1.44
-- PHP Version: 5.3.1

SET SQL_MODE="NO_AUTO_VALUE_ON_ZERO";


/*!40101 SET @OLD_CHARACTER_SET_CLIENT=@@CHARACTER_SET_CLIENT */;
/*!40101 SET @OLD_CHARACTER_SET_RESULTS=@@CHARACTER_SET_RESULTS */;
/*!40101 SET @OLD_COLLATION_CONNECTION=@@COLLATION_CONNECTION */;
/*!40101 SET NAMES utf8 */;

--
-- Database: `investr`
--

-- --------------------------------------------------------

--
-- Table structure for table `chance_event`
--

CREATE TABLE IF NOT EXISTS `chance_event` (
  `id` int(11) NOT NULL AUTO_INCREMENT,
  `game_id` int(11) NOT NULL,
  `year` int(11) NOT NULL,
  `die_one` int(11) NOT NULL,
  `die_two` int(11) NOT NULL,
  `market` int(11) NOT NULL,
  `card_id` int(11) DEFAULT NULL,
  PRIMARY KEY (`id`)
) ENGINE=InnoDB  DEFAULT CHARSET=latin1 AUTO_INCREMENT=84 ;

--
-- Dumping data for table `chance_event`
--

INSERT INTO `chance_event` (`id`, `game_id`, `year`, `die_one`, `die_two`, `market`, `card_id`) VALUES
(1, 1, 2, 3, 1, 0, NULL),
(2, 1, 2, 2, 1, 1, NULL),
(3, 1, 2, 1, 3, 0, NULL),
(4, 1, 2, 3, 2, 1, NULL),
(5, 1, 3, 6, 1, 0, NULL),
(6, 1, 4, 4, 4, 1, NULL),
(7, 2, 0, 5, 2, 1, NULL),
(8, 2, 1, 5, 3, 1, NULL),
(9, 8, 0, 2, 3, 0, NULL),
(10, 9, 0, 2, 5, 1, NULL),
(11, 23, 0, 1, 5, 0, NULL),
(12, 24, 0, 5, 6, 1, NULL),
(13, 25, 0, 5, 6, 0, NULL),
(14, 26, 0, 5, 1, 0, NULL),
(15, 27, 0, 5, 2, 1, NULL),
(16, 28, 0, 3, 5, 1, NULL),
(17, 28, 1, 5, 2, 0, NULL),
(18, 29, 0, 3, 1, 1, NULL),
(19, 29, 1, 6, 2, 1, NULL),
(20, 29, 2, 1, 4, 0, NULL),
(21, 29, 3, 3, 1, 0, NULL),
(22, 29, 4, 2, 2, 1, NULL),
(23, 29, 5, 1, 2, 0, NULL),
(24, 29, 6, 4, 5, 1, NULL),
(25, 29, 7, 5, 5, 1, NULL),
(26, 29, 8, 3, 4, 1, NULL),
(27, 29, 9, 2, 1, 0, NULL),
(28, 29, 10, 1, 5, 1, NULL),
(29, 29, 10, 2, 2, 0, NULL),
(30, 29, 10, 2, 6, 0, NULL),
(31, 30, 0, 3, 1, 0, NULL),
(32, 30, 1, 2, 6, 1, NULL),
(33, 31, 0, 2, 6, 1, NULL),
(34, 31, 1, 2, 1, 1, NULL),
(35, 32, 0, 2, 3, 1, NULL),
(36, 32, 1, 3, 1, 0, NULL),
(37, 33, 0, 1, 4, 1, NULL),
(38, 34, 0, 2, 6, 0, NULL),
(39, 34, 1, 1, 3, 1, NULL),
(40, 34, 2, 2, 6, 0, NULL),
(41, 34, 3, 2, 5, 0, NULL),
(42, 35, 0, 4, 4, 1, NULL),
(43, 35, 1, 6, 6, 1, NULL),
(44, 35, 2, 5, 4, 1, NULL),
(45, 35, 3, 6, 2, 0, NULL),
(46, 35, 4, 1, 1, 0, NULL),
(47, 35, 5, 5, 1, 1, NULL),
(48, 35, 6, 5, 5, 0, NULL),
(49, 35, 7, 5, 4, 0, NULL),
(50, 35, 8, 4, 6, 1, NULL),
(51, 35, 9, 5, 5, 1, NULL),
(52, 35, 10, 5, 3, 1, NULL),
(53, 36, 0, 5, 1, 1, NULL),
(54, 35, 10, 4, 4, 1, NULL),
(55, 35, 10, 2, 5, 0, NULL),
(56, 36, 1, 3, 3, 1, NULL),
(57, 36, 2, 1, 3, 1, NULL),
(58, 37, 0, 3, 6, 0, NULL),
(59, 37, 1, 1, 3, 1, NULL),
(60, 37, 2, 5, 4, 0, NULL),
(61, 38, 0, 6, 5, 0, NULL),
(62, 38, 1, 1, 3, 0, NULL),
(63, 38, 2, 1, 1, 0, NULL),
(64, 38, 3, 2, 1, 1, NULL),
(65, 38, 4, 1, 2, 1, NULL),
(66, 38, 4, 6, 3, 1, NULL),
(67, 38, 4, 3, 5, 0, NULL),
(68, 38, 4, 4, 2, 1, NULL),
(69, 38, 4, 1, 6, 0, NULL),
(70, 38, 4, 6, 1, 1, NULL),
(71, 39, 0, 3, 2, 0, NULL),
(72, 40, 0, 2, 5, 0, NULL),
(73, 40, 1, 5, 4, 1, NULL),
(74, 40, 2, 3, 1, 0, NULL),
(75, 40, 3, 1, 6, 1, NULL),
(76, 40, 4, 1, 2, 1, NULL),
(77, 40, 5, 2, 4, 1, NULL),
(78, 40, 6, 3, 5, 1, NULL),
(79, 40, 7, 4, 6, 0, NULL),
(80, 40, 8, 3, 1, 1, NULL),
(81, 40, 9, 6, 2, 1, NULL),
(82, 41, 0, 6, 1, 1, NULL),
(83, 41, 1, 6, 3, 0, NULL);

-- --------------------------------------------------------

--
-- Table structure for table `games`
--

CREATE TABLE IF NOT EXISTS `games` (
  `id` int(11) NOT NULL AUTO_INCREMENT,
  `start_date` date NOT NULL,
  `initial_balance` int(11) NOT NULL DEFAULT '5000',
  `year` int(11) NOT NULL DEFAULT '0',
  `last_year` int(11) NOT NULL DEFAULT '10',
  `number_of_players` smallint(6) NOT NULL DEFAULT '4',
  PRIMARY KEY (`id`)
) ENGINE=InnoDB  DEFAULT CHARSET=latin1 AUTO_INCREMENT=42 ;

--
-- Dumping data for table `games`
--

INSERT INTO `games` (`id`, `start_date`, `initial_balance`, `year`, `last_year`, `number_of_players`) VALUES
(1, '2012-09-02', 5000, 5, 10, 2),
(2, '2012-09-13', 5000, 2, 10, 2),
(8, '2012-09-13', 5000, 1, 10, 2),
(31, '2012-09-15', 5000, 2, 10, 2),
(35, '2012-09-15', 5000, 10, 10, 2),
(40, '2012-09-17', 5000, 10, 10, 2),
(41, '2012-09-17', 5000, 2, 10, 2);

-- --------------------------------------------------------

--
-- Table structure for table `game_sec_price`
--

CREATE TABLE IF NOT EXISTS `game_sec_price` (
  `id` int(11) NOT NULL AUTO_INCREMENT,
  `game_id` int(11) NOT NULL,
  `security_id` int(11) NOT NULL,
  `year` int(11) NOT NULL,
  `price` int(11) NOT NULL,
  `split` tinyint(4) NOT NULL,
  `outstanding` int(11) DEFAULT NULL,
  `delta` int(11) NOT NULL,
  PRIMARY KEY (`id`)
) ENGINE=InnoDB  DEFAULT CHARSET=latin1 AUTO_INCREMENT=1717 ;

--
-- Dumping data for table `game_sec_price`
--

INSERT INTO `game_sec_price` (`id`, `game_id`, `security_id`, `year`, `price`, `split`, `outstanding`, `delta`) VALUES
(1, 1, 11, 0, 100, 0, 600, 0),
(2, 1, 12, 0, 100, 0, 600, 0),
(3, 1, 13, 0, 100, 0, 600, 0),
(4, 1, 14, 0, 100, 0, 600, 0),
(5, 1, 15, 0, 100, 0, 600, 0),
(6, 1, 16, 0, 100, 0, 600, 0),
(7, 1, 17, 0, 100, 0, 600, 0),
(8, 1, 18, 0, 100, 0, 600, 0),
(9, 1, 19, 0, 100, 0, 600, 0),
(40, 1, 20, 0, 1, 0, 60000, 0),
(59, 1, 11, 2, 64, 1, 1200, 20),
(60, 1, 12, 2, 65, 1, 1110, 24),
(61, 1, 13, 2, 121, 0, 600, 17),
(62, 1, 14, 2, 105, 0, 600, 9),
(63, 1, 15, 2, 65, 0, 1150, -5),
(64, 1, 16, 2, 67, 1, 1200, 26),
(65, 1, 17, 2, 117, 0, 600, 13),
(66, 1, 18, 2, 81, 0, 600, -7),
(67, 1, 19, 2, 118, 0, 600, 15),
(68, 1, 19, 1, 103, 0, 600, 3),
(69, 1, 18, 1, 88, 0, 600, -12),
(70, 1, 17, 1, 104, 0, 600, 4),
(71, 1, 16, 1, 108, 0, 600, 8),
(72, 1, 15, 1, 70, 1, 1200, -30),
(73, 1, 14, 1, 96, 0, 600, -4),
(74, 1, 13, 1, 104, 0, 600, 4),
(75, 1, 12, 1, 106, 0, 600, 6),
(76, 1, 11, 1, 108, 0, 600, 8),
(77, 1, 11, 3, 87, 0, NULL, 23),
(78, 1, 12, 3, 93, 0, NULL, 28),
(79, 1, 13, 3, 119, 0, NULL, -2),
(80, 1, 14, 3, 116, 0, NULL, 11),
(81, 1, 15, 3, 121, 0, NULL, 56),
(82, 1, 16, 3, 86, 0, NULL, 19),
(83, 1, 17, 3, 147, 0, NULL, 30),
(84, 1, 18, 3, 110, 0, NULL, 29),
(85, 1, 19, 3, 132, 0, NULL, 14),
(86, 1, 11, 4, 93, 0, NULL, 6),
(87, 1, 12, 4, 97, 0, NULL, 4),
(88, 1, 13, 4, 122, 0, NULL, 3),
(89, 1, 14, 4, 119, 0, NULL, 3),
(90, 1, 15, 4, 106, 0, NULL, -15),
(91, 1, 16, 4, 91, 0, NULL, 5),
(92, 1, 17, 4, 78, 1, NULL, 8),
(93, 1, 18, 4, 102, 0, NULL, -8),
(94, 1, 19, 4, 137, 0, NULL, 5),
(95, 1, 11, 5, 112, 0, NULL, 19),
(96, 1, 12, 5, 121, 0, NULL, 24),
(97, 1, 13, 5, 139, 0, NULL, 17),
(98, 1, 14, 5, 128, 0, NULL, 9),
(99, 1, 15, 5, 101, 0, NULL, -5),
(100, 1, 16, 5, 117, 0, NULL, 26),
(101, 1, 17, 5, 91, 0, NULL, 13),
(102, 1, 18, 5, 95, 0, NULL, -7),
(103, 1, 19, 5, 76, 1, NULL, 15),
(104, 2, 11, 1, 117, 0, NULL, 17),
(105, 2, 12, 1, 121, 0, NULL, 21),
(106, 2, 13, 1, 113, 0, NULL, 13),
(107, 2, 14, 1, 98, 0, NULL, -2),
(108, 2, 15, 1, 137, 0, NULL, 37),
(109, 2, 16, 1, 123, 0, NULL, 23),
(110, 2, 17, 1, 123, 0, NULL, 23),
(111, 2, 18, 1, 119, 0, NULL, 19),
(112, 2, 19, 1, 114, 0, NULL, 14),
(120, 2, 11, 2, 136, 0, NULL, 19),
(122, 2, 12, 2, 145, 0, NULL, 24),
(124, 2, 13, 2, 130, 0, NULL, 17),
(126, 2, 14, 2, 107, 0, NULL, 9),
(128, 2, 15, 2, 132, 0, NULL, -5),
(130, 2, 16, 2, 149, 0, NULL, 26),
(132, 2, 17, 2, 136, 0, NULL, 13),
(134, 2, 18, 2, 112, 0, NULL, -7),
(136, 2, 19, 2, 129, 0, NULL, 15),
(165, 8, 11, 0, 100, 0, 600, 0),
(166, 8, 12, 0, 100, 0, 600, 0),
(167, 8, 13, 0, 100, 0, 600, 0),
(168, 8, 14, 0, 100, 0, 600, 0),
(169, 8, 15, 0, 100, 0, 600, 0),
(170, 8, 16, 0, 100, 0, 600, 0),
(171, 8, 17, 0, 100, 0, 600, 0),
(172, 8, 18, 0, 100, 0, 600, 0),
(173, 8, 19, 0, 100, 0, 600, 0),
(174, 8, 20, 0, 1, 0, 60000, 0),
(180, 8, 11, 1, 107, 0, NULL, 7),
(181, 8, 11, 1, 107, 0, NULL, 7),
(182, 8, 12, 1, 108, 0, NULL, 8),
(183, 8, 12, 1, 108, 0, NULL, 8),
(184, 8, 13, 1, 105, 0, NULL, 5),
(185, 8, 13, 1, 105, 0, NULL, 5),
(186, 8, 14, 1, 94, 0, NULL, -6),
(187, 8, 14, 1, 94, 0, NULL, -6),
(188, 8, 15, 1, 60, 0, NULL, -40),
(189, 8, 15, 1, 60, 0, NULL, -40),
(190, 8, 16, 1, 103, 0, NULL, 3),
(191, 8, 16, 1, 103, 0, NULL, 3),
(192, 8, 17, 1, 116, 0, NULL, 16),
(193, 8, 17, 1, 116, 0, NULL, 16),
(194, 8, 18, 1, 86, 0, NULL, -14),
(195, 8, 18, 1, 86, 0, NULL, -14),
(196, 8, 19, 1, 104, 0, NULL, 4),
(197, 8, 19, 1, 104, 0, NULL, 4),
(787, 31, 11, 0, 100, 0, 600, 0),
(788, 31, 12, 0, 100, 0, 600, 0),
(789, 31, 13, 0, 100, 0, 600, 0),
(790, 31, 14, 0, 100, 0, 600, 0),
(791, 31, 15, 0, 100, 0, 600, 0),
(792, 31, 16, 0, 100, 0, 600, 0),
(793, 31, 17, 0, 100, 0, 600, 0),
(794, 31, 18, 0, 100, 0, 600, 0),
(795, 31, 19, 0, 100, 0, 600, 0),
(796, 31, 20, 0, 1, 0, 60000, 0),
(802, 31, 11, 1, 119, 0, 600, 19),
(803, 31, 12, 1, 124, 0, 600, 24),
(804, 31, 13, 1, 117, 0, 600, 17),
(805, 31, 14, 1, 109, 0, 600, 9),
(806, 31, 15, 1, 95, 0, NULL, -5),
(807, 31, 16, 1, 126, 0, 600, 26),
(808, 31, 17, 1, 113, 0, 600, 13),
(809, 31, 18, 1, 93, 0, NULL, -7),
(810, 31, 19, 1, 115, 0, 600, 15),
(817, 31, 11, 2, 145, 0, 600, 26),
(818, 31, 12, 2, 140, 0, 600, 16),
(819, 31, 13, 2, 142, 0, 600, 25),
(820, 31, 14, 2, 117, 0, 600, 8),
(821, 31, 15, 2, 81, 0, NULL, -14),
(822, 31, 16, 2, 147, 0, 600, 21),
(823, 31, 17, 2, 127, 0, 600, 14),
(824, 31, 18, 2, 89, 0, NULL, -4),
(825, 31, 19, 2, 132, 0, 600, 17),
(982, 35, 11, 0, 100, 0, 600, 0),
(983, 35, 12, 0, 100, 0, 600, 0),
(984, 35, 13, 0, 100, 0, 600, 0),
(985, 35, 14, 0, 100, 0, 600, 0),
(986, 35, 15, 0, 100, 0, 600, 0),
(987, 35, 16, 0, 100, 0, 600, 0),
(988, 35, 17, 0, 100, 0, 600, 0),
(989, 35, 18, 0, 100, 0, 600, 0),
(990, 35, 19, 0, 100, 0, 600, 0),
(991, 35, 20, 0, 1, 0, 60000, 0),
(997, 35, 11, 1, 119, 0, 600, 19),
(998, 35, 12, 1, 124, 0, 600, 24),
(999, 35, 13, 1, 117, 0, 558, 17),
(1000, 35, 14, 1, 109, 0, 600, 9),
(1001, 35, 15, 1, 95, 0, 548, -5),
(1002, 35, 16, 1, 126, 0, 600, 26),
(1003, 35, 17, 1, 113, 0, 600, 13),
(1004, 35, 18, 1, 93, 0, 600, -7),
(1005, 35, 19, 1, 115, 0, 600, 15),
(1012, 35, 11, 2, 143, 0, 600, 24),
(1013, 35, 12, 2, 148, 0, 600, 24),
(1014, 35, 13, 2, 140, 0, 516, 23),
(1015, 35, 14, 2, 129, 0, 600, 20),
(1016, 35, 15, 2, 146, 0, 496, 51),
(1017, 35, 16, 2, 77, 1, 501, 27),
(1018, 35, 17, 2, 76, 1, 522, 38),
(1019, 35, 18, 2, 126, 0, 600, 33),
(1020, 35, 19, 2, 133, 0, 600, 18),
(1027, 35, 11, 3, 77, 1, 540, 11),
(1028, 35, 12, 3, 83, 1, 600, 18),
(1029, 35, 13, 3, 77, 1, 516, 14),
(1030, 35, 14, 3, 76, 1, 546, 22),
(1031, 35, 15, 3, 107, 1, 496, 67),
(1032, 35, 16, 3, 92, 0, 456, 15),
(1033, 35, 17, 3, 98, 0, 472, 22),
(1034, 35, 18, 3, 144, 0, 600, 18),
(1035, 35, 19, 3, 146, 0, 600, 13),
(1042, 35, 11, 4, 82, 0, 540, 5),
(1043, 35, 12, 4, 90, 0, 600, 7),
(1044, 35, 13, 4, 76, 0, 516, -1),
(1045, 35, 14, 4, 73, 0, 546, -3),
(1046, 35, 15, 4, 76, 1, 479, 45),
(1047, 35, 16, 4, 98, 0, 446, 6),
(1048, 35, 17, 4, 88, 0, 472, -10),
(1049, 35, 18, 4, 77, 1, 600, 10),
(1050, 35, 19, 4, 150, 0, 600, 4),
(1057, 35, 11, 5, 94, 0, 540, 12),
(1058, 35, 12, 5, 104, 0, 600, 14),
(1059, 35, 13, 5, 89, 0, 516, 13),
(1060, 35, 14, 5, 83, 0, 546, 10),
(1061, 35, 15, 5, 86, 0, 479, 10),
(1062, 35, 16, 5, 118, 0, 402, 20),
(1063, 35, 17, 5, 109, 0, 444, 21),
(1064, 35, 18, 5, 102, 0, 600, 25),
(1065, 35, 19, 5, 79, 1, 496, 8),
(1072, 35, 11, 6, 114, 0, 530, 20),
(1073, 35, 12, 6, 119, 0, 600, 15),
(1074, 35, 13, 6, 104, 0, 516, 15),
(1075, 35, 14, 6, 90, 0, 546, 7),
(1076, 35, 15, 6, 66, 0, 400, -20),
(1077, 35, 16, 6, 133, 0, 402, 15),
(1078, 35, 17, 6, 122, 0, 444, 13),
(1079, 35, 18, 6, 92, 0, 600, -10),
(1080, 35, 19, 6, 91, 0, 458, 12),
(1087, 35, 11, 7, 125, 0, 530, 11),
(1088, 35, 12, 7, 130, 0, 600, 11),
(1089, 35, 13, 7, 99, 0, 494, -5),
(1090, 35, 14, 7, 83, 0, 546, -7),
(1091, 35, 15, 7, 96, 0, 358, 30),
(1092, 35, 16, 7, 143, 0, 402, 10),
(1093, 35, 17, 7, 111, 0, 444, -11),
(1094, 35, 18, 7, 74, 0, 564, -18),
(1095, 35, 19, 7, 87, 0, 458, -4),
(1102, 35, 11, 8, 123, 0, 530, -2),
(1103, 35, 12, 8, 136, 0, 600, 6),
(1104, 35, 13, 8, 96, 0, 483, -3),
(1105, 35, 14, 8, 75, 0, 496, -8),
(1106, 35, 15, 8, 76, 0, 344, -20),
(1107, 35, 16, 8, 150, 0, 402, 7),
(1108, 35, 17, 8, 121, 0, 444, 10),
(1109, 35, 18, 8, 88, 0, 564, 14),
(1110, 35, 19, 8, 93, 0, 418, 6),
(1117, 35, 11, 9, 136, 0, 530, 13),
(1118, 35, 12, 9, 84, 1, 600, 31),
(1119, 35, 13, 9, 97, 0, 472, 1),
(1120, 35, 14, 9, 89, 0, 496, 14),
(1121, 35, 15, 9, 65, 0, 275, -11),
(1122, 35, 16, 9, 84, 1, 387, 18),
(1123, 35, 17, 9, 139, 0, 444, 18),
(1124, 35, 18, 9, 74, 0, 564, -14),
(1125, 35, 19, 9, 103, 0, 392, 10),
(1132, 35, 11, 10, 149, 0, 530, 13),
(1133, 35, 12, 10, 115, 0, 600, 31),
(1134, 35, 13, 10, 98, 0, 472, 1),
(1135, 35, 14, 10, 103, 0, 286, 14),
(1136, 35, 15, 10, 54, 0, 124, -11),
(1137, 35, 16, 10, 102, 0, 342, 18),
(1138, 35, 17, 10, 79, 1, 384, 18),
(1139, 35, 18, 10, 60, 0, 564, -14),
(1140, 35, 19, 10, 113, 0, 392, 10),
(1147, 35, 11, 11, 84, 1, 530, 19),
(1148, 35, 12, 11, 139, 0, 600, 24),
(1149, 35, 13, 11, 115, 0, 472, 17),
(1150, 35, 14, 11, 112, 0, 426, 9),
(1151, 35, 15, 11, 49, 0, 124, -5),
(1152, 35, 16, 11, 128, 0, 372, 26),
(1153, 35, 17, 11, 92, 0, 424, 13),
(1154, 35, 18, 11, 53, 0, 564, -7),
(1155, 35, 19, 11, 128, 0, 392, 15),
(1192, 35, 11, 11, 84, 1, 530, 19),
(1193, 35, 12, 11, 139, 0, 600, 24),
(1194, 35, 13, 11, 115, 0, 472, 17),
(1195, 35, 14, 11, 112, 0, 356, 9),
(1196, 35, 15, 11, 49, 0, 124, -5),
(1197, 35, 16, 11, 128, 0, 357, 26),
(1198, 35, 17, 11, 92, 0, 404, 13),
(1199, 35, 18, 11, 53, 0, 564, -7),
(1200, 35, 19, 11, 128, 0, 392, 15),
(1207, 35, 11, 11, 78, 1, 530, 6),
(1208, 35, 12, 11, 119, 0, 600, 4),
(1209, 35, 13, 11, 101, 0, 472, 3),
(1210, 35, 14, 11, 106, 0, 286, 3),
(1211, 35, 15, 11, 39, 0, 124, -15),
(1212, 35, 16, 11, 107, 0, 342, 5),
(1213, 35, 17, 11, 87, 0, 384, 8),
(1214, 35, 18, 11, 52, 0, 564, -8),
(1215, 35, 19, 11, 118, 0, 392, 5),
(1507, 40, 11, 0, 100, 0, 600, 0),
(1508, 40, 12, 0, 100, 0, 600, 0),
(1509, 40, 13, 0, 100, 0, 600, 0),
(1510, 40, 14, 0, 100, 0, 600, 0),
(1511, 40, 15, 0, 100, 0, 600, 0),
(1512, 40, 16, 0, 100, 0, 600, 0),
(1513, 40, 17, 0, 100, 0, 600, 0),
(1514, 40, 18, 0, 100, 0, 600, 0),
(1515, 40, 19, 0, 100, 0, 600, 0),
(1516, 40, 20, 0, 1, 0, 60000, 0),
(1522, 40, 11, 1, 106, 0, 600, 6),
(1523, 40, 12, 1, 104, 0, 600, 4),
(1524, 40, 13, 1, 103, 0, 600, 3),
(1525, 40, 14, 1, 103, 0, 600, 3),
(1526, 40, 15, 1, 85, 0, 512, -15),
(1527, 40, 16, 1, 105, 0, 600, 5),
(1528, 40, 17, 1, 108, 0, 600, 8),
(1529, 40, 18, 1, 92, 0, 574, -8),
(1530, 40, 19, 1, 105, 0, 600, 5),
(1537, 40, 11, 2, 117, 0, 570, 11),
(1538, 40, 12, 2, 122, 0, 600, 18),
(1539, 40, 13, 2, 117, 0, 600, 14),
(1540, 40, 14, 2, 125, 0, 600, 22),
(1541, 40, 15, 2, 76, 2, 924, 67),
(1542, 40, 16, 2, 120, 0, 600, 15),
(1543, 40, 17, 2, 130, 0, 600, 22),
(1544, 40, 18, 2, 110, 0, 573, 18),
(1545, 40, 19, 2, 118, 0, 600, 13),
(1552, 40, 11, 3, 126, 0, 570, 9),
(1553, 40, 12, 3, 132, 0, 600, 10),
(1554, 40, 13, 3, 124, 0, 600, 7),
(1555, 40, 14, 3, 120, 0, 600, -5),
(1556, 40, 15, 3, 56, 0, 429, -20),
(1557, 40, 16, 3, 132, 0, 600, 12),
(1558, 40, 17, 3, 76, 2, 1062, 21),
(1559, 40, 18, 3, 128, 0, 548, 18),
(1560, 40, 19, 3, 125, 0, 600, 7),
(1567, 40, 11, 4, 143, 0, 570, 17),
(1568, 40, 12, 4, 77, 2, 976, 21),
(1569, 40, 13, 4, 137, 0, 600, 13),
(1570, 40, 14, 4, 118, 0, 600, -2),
(1571, 40, 15, 4, 93, 0, 339, 37),
(1572, 40, 16, 4, 78, 2, 1200, 23),
(1573, 40, 17, 4, 99, 0, 531, 23),
(1574, 40, 18, 4, 147, 0, 548, 19),
(1575, 40, 19, 4, 139, 0, 600, 14),
(1582, 40, 11, 5, 85, 1, 569, 26),
(1583, 40, 12, 5, 93, 0, 288, 16),
(1584, 40, 13, 5, 81, 1, 483, 25),
(1585, 40, 14, 5, 126, 0, 600, 8),
(1586, 40, 15, 5, 79, 0, 339, -14),
(1587, 40, 16, 5, 99, 0, 600, 21),
(1588, 40, 17, 5, 113, 0, 531, 14),
(1589, 40, 18, 5, 143, 0, 548, -4),
(1590, 40, 19, 5, 78, 1, 480, 17),
(1597, 40, 11, 6, 105, 0, 569, 20),
(1598, 40, 12, 6, 108, 0, 264, 15),
(1599, 40, 13, 6, 96, 0, 483, 15),
(1600, 40, 14, 6, 133, 0, 600, 7),
(1601, 40, 15, 6, 59, 0, 237, -20),
(1602, 40, 16, 6, 114, 0, 600, 15),
(1603, 40, 17, 6, 126, 0, 513, 13),
(1604, 40, 18, 6, 133, 0, 548, -10),
(1605, 40, 19, 6, 90, 0, 480, 12),
(1612, 40, 11, 7, 124, 0, 568, 19),
(1613, 40, 12, 7, 132, 0, 264, 24),
(1614, 40, 13, 7, 113, 0, 433, 17),
(1615, 40, 14, 7, 142, 0, 600, 9),
(1616, 40, 15, 7, 54, 0, 222, -5),
(1617, 40, 16, 7, 140, 0, 600, 26),
(1618, 40, 17, 7, 139, 0, 513, 13),
(1619, 40, 18, 7, 126, 0, 548, -7),
(1620, 40, 19, 7, 105, 0, 422, 15),
(1627, 40, 11, 8, 135, 0, 568, 11),
(1628, 40, 12, 8, 143, 0, 264, 11),
(1629, 40, 13, 8, 108, 0, 383, -5),
(1630, 40, 14, 8, 135, 0, 600, -7),
(1631, 40, 15, 8, 84, 0, 55, 30),
(1632, 40, 16, 8, 150, 0, 600, 10),
(1633, 40, 17, 8, 128, 0, 513, -11),
(1634, 40, 18, 8, 108, 0, 458, -18),
(1635, 40, 19, 8, 101, 0, 422, -4),
(1642, 40, 11, 9, 77, 2, 872, 18),
(1643, 40, 12, 9, 83, 2, 528, 23),
(1644, 40, 13, 9, 119, 0, 383, 11),
(1645, 40, 14, 9, 147, 0, 600, 12),
(1646, 40, 15, 9, 130, 0, -40, 46),
(1647, 40, 16, 9, 84, 2, 1200, 18),
(1648, 40, 17, 9, 123, 0, 463, -5),
(1649, 40, 18, 9, 142, 0, 458, 34),
(1650, 40, 19, 9, 116, 0, 422, 15),
(1657, 40, 11, 10, 96, 0, 872, 19),
(1658, 40, 12, 10, 107, 0, 528, 24),
(1659, 40, 13, 10, 136, 0, 383, 17),
(1660, 40, 14, 10, 78, 2, 1200, 9),
(1661, 40, 15, 10, 125, 0, -40, -5),
(1662, 40, 16, 10, 110, 0, 1200, 26),
(1663, 40, 17, 10, 136, 0, 463, 13),
(1664, 40, 18, 10, 135, 0, 458, -7),
(1665, 40, 19, 10, 131, 0, 422, 15),
(1672, 41, 11, 0, 100, 0, 600, 0),
(1673, 41, 12, 0, 100, 0, 600, 0),
(1674, 41, 13, 0, 100, 0, 600, 0),
(1675, 41, 14, 0, 100, 0, 600, 0),
(1676, 41, 15, 0, 100, 0, 600, 0),
(1677, 41, 16, 0, 100, 0, 600, 0),
(1678, 41, 17, 0, 100, 0, 600, 0),
(1679, 41, 18, 0, 100, 0, 600, 0),
(1680, 41, 19, 0, 100, 0, 600, 0),
(1681, 41, 20, 0, 1, 0, 60000, 0),
(1687, 41, 11, 1, 117, 0, 99, 17),
(1688, 41, 12, 1, 121, 0, 600, 21),
(1689, 41, 13, 1, 113, 0, 600, 13),
(1690, 41, 14, 1, 98, 0, 99, -2),
(1691, 41, 15, 1, 137, 0, 600, 37),
(1692, 41, 16, 1, 123, 0, 600, 23),
(1693, 41, 17, 1, 123, 0, 600, 23),
(1694, 41, 18, 1, 119, 0, 600, 19),
(1695, 41, 19, 1, 114, 0, 600, 14),
(1702, 41, 11, 2, 115, 0, 99, -2),
(1703, 41, 12, 2, 127, 0, 600, 6),
(1704, 41, 13, 2, 110, 0, 600, -3),
(1705, 41, 14, 2, 90, 0, 99, -8),
(1706, 41, 15, 2, 117, 0, 600, -20),
(1707, 41, 16, 2, 130, 0, 600, 7),
(1708, 41, 17, 2, 133, 0, 600, 10),
(1709, 41, 18, 2, 133, 0, 600, 14),
(1710, 41, 19, 2, 120, 0, 600, 6);

-- --------------------------------------------------------

--
-- Table structure for table `game_settings`
--

CREATE TABLE IF NOT EXISTS `game_settings` (
  `game_id` int(11) NOT NULL,
  `settings_id` int(11) NOT NULL,
  `value` varchar(255) DEFAULT NULL
) ENGINE=InnoDB DEFAULT CHARSET=latin1;

--
-- Dumping data for table `game_settings`
--

INSERT INTO `game_settings` (`game_id`, `settings_id`, `value`) VALUES
(1, 1, 'OFF');

-- --------------------------------------------------------

--
-- Table structure for table `player`
--

CREATE TABLE IF NOT EXISTS `player` (
  `user_id` int(11) NOT NULL,
  `game_id` int(11) NOT NULL,
  `balance` int(11) NOT NULL,
  UNIQUE KEY `UQ_USERID_GAMEID` (`user_id`,`game_id`)
) ENGINE=InnoDB DEFAULT CHARSET=latin1;

--
-- Dumping data for table `player`
--

INSERT INTO `player` (`user_id`, `game_id`, `balance`) VALUES
(3, 1, 5000),
(3, 2, 5000),
(3, 8, 5000),
(3, 31, 350),
(3, 35, 29),
(3, 40, 1105),
(3, 41, -53116),
(4, 1, 5000),
(4, 2, 5000),
(4, 8, 5000),
(4, 31, 250),
(4, 35, 14892),
(4, 40, 941),
(4, 41, -40591);

-- --------------------------------------------------------

--
-- Table structure for table `portfolio`
--

CREATE TABLE IF NOT EXISTS `portfolio` (
  `id` int(11) NOT NULL AUTO_INCREMENT,
  `game_id` int(11) NOT NULL,
  `user_id` int(11) NOT NULL,
  `security_id` int(11) NOT NULL,
  `shares` int(11) NOT NULL,
  PRIMARY KEY (`id`)
) ENGINE=InnoDB  DEFAULT CHARSET=latin1 AUTO_INCREMENT=64 ;

--
-- Dumping data for table `portfolio`
--

INSERT INTO `portfolio` (`id`, `game_id`, `user_id`, `security_id`, `shares`) VALUES
(1, 1, 3, 12, 90),
(2, 1, 4, 15, 0),
(23, 35, 3, 13, 0),
(24, 35, 4, 15, 220),
(25, 35, 4, 16, 0),
(26, 35, 3, 17, 60),
(27, 35, 3, 11, 50),
(28, 35, 4, 14, -106),
(29, 35, 3, 15, 68),
(30, 35, 3, 19, 0),
(31, 35, 4, 19, 0),
(32, 35, 4, 18, 36),
(33, 35, 3, 16, -30),
(49, 40, 4, 15, 0),
(50, 40, 3, 15, 0),
(51, 40, 4, 18, 0),
(52, 40, 3, 11, 172),
(53, 40, 3, 17, 0),
(54, 40, 4, 17, 70),
(55, 40, 3, 12, 0),
(56, 40, 4, 12, 0),
(57, 40, 4, 13, 117),
(58, 40, 3, 19, 120),
(59, 40, 4, 19, 58),
(60, 40, 3, 18, 90),
(61, 40, 4, 11, 152),
(62, 41, 3, 11, 501),
(63, 41, 4, 14, 501);

-- --------------------------------------------------------

--
-- Table structure for table `security`
--

CREATE TABLE IF NOT EXISTS `security` (
  `id` int(11) NOT NULL AUTO_INCREMENT,
  `name` varchar(64) NOT NULL,
  `symbol` varchar(8) NOT NULL,
  `description` text NOT NULL,
  `dividend` int(11) NOT NULL,
  `dividend_label` varchar(32) NOT NULL,
  `outstanding` int(11) NOT NULL COMMENT 'number of shares',
  `price` int(11) NOT NULL,
  PRIMARY KEY (`id`),
  UNIQUE KEY `name` (`name`,`symbol`)
) ENGINE=InnoDB  DEFAULT CHARSET=latin1 AUTO_INCREMENT=21 ;

--
-- Dumping data for table `security`
--

INSERT INTO `security` (`id`, `name`, `symbol`, `description`, `dividend`, `dividend_label`, `outstanding`, `price`) VALUES
(11, 'Growth Corporation of America', 'GRO', '', 1, 'Dividend', 600, 100),
(12, 'Metro Properties, Inc.', 'MET', '', 0, 'Dividend', 600, 100),
(13, 'Pioneer Mutual Fund', 'PIO', '', 4, 'Dividend', 600, 100),
(14, 'Shady Brooks Development', 'SHB', '', 7, 'Dividend', 600, 100),
(15, 'Stryker Drilling Company', 'STK', '', 0, 'Dividend', 600, 100),
(16, 'Tri-City Transport Company', 'TCT', '', 0, 'Dividend', 600, 100),
(17, 'United Auto Company', 'UAC', '', 2, 'Dividend', 600, 100),
(18, 'Uranium Enterprises, Inc.', 'URE', '', 6, 'Dividend', 600, 100),
(19, 'Valley Power & Light Company', 'VAL', '', 3, 'Dividend', 600, 100),
(20, 'Central City Municipal Bonds', 'BND', '', 5, 'Interest', 60000, 1);

-- --------------------------------------------------------

--
-- Table structure for table `security_delta`
--

CREATE TABLE IF NOT EXISTS `security_delta` (
  `id` int(11) NOT NULL AUTO_INCREMENT,
  `security_id` int(11) NOT NULL,
  `roll` int(11) NOT NULL,
  `market` tinyint(4) NOT NULL,
  `delta` int(11) NOT NULL,
  PRIMARY KEY (`id`)
) ENGINE=InnoDB  DEFAULT CHARSET=latin1 AUTO_INCREMENT=423 ;

--
-- Dumping data for table `security_delta`
--

INSERT INTO `security_delta` (`id`, `security_id`, `roll`, `market`, `delta`) VALUES
(225, 11, 2, 0, 12),
(226, 11, 3, 0, 7),
(227, 11, 4, 0, 9),
(228, 11, 5, 0, 7),
(229, 11, 6, 0, 8),
(230, 11, 7, 0, 6),
(231, 11, 8, 0, 5),
(232, 11, 9, 0, -2),
(233, 11, 10, 0, 11),
(234, 11, 11, 0, -5),
(235, 11, 12, 0, -8),
(236, 11, 2, 1, -2),
(237, 11, 3, 1, 26),
(238, 11, 4, 1, 18),
(239, 11, 5, 1, 23),
(240, 11, 6, 1, 20),
(241, 11, 7, 1, 17),
(242, 11, 8, 1, 19),
(243, 11, 9, 1, 11),
(244, 11, 10, 1, 13),
(245, 11, 11, 1, 14),
(246, 11, 12, 1, 24),
(247, 12, 2, 0, 14),
(248, 12, 3, 0, -6),
(249, 12, 4, 0, 10),
(250, 12, 5, 0, 8),
(251, 12, 6, 0, 6),
(252, 12, 7, 0, 4),
(253, 12, 8, 0, 7),
(254, 12, 9, 0, 6),
(255, 12, 10, 0, 11),
(256, 12, 11, 0, 13),
(257, 12, 12, 0, -10),
(258, 12, 2, 1, -10),
(259, 12, 3, 1, 16),
(260, 12, 4, 1, 23),
(261, 12, 5, 1, 28),
(262, 12, 6, 1, 15),
(263, 12, 7, 1, 21),
(264, 12, 8, 1, 24),
(265, 12, 9, 1, 18),
(266, 12, 10, 1, 31),
(267, 12, 11, 1, -8),
(268, 12, 12, 1, 24),
(269, 13, 2, 0, 13),
(270, 13, 3, 0, 10),
(271, 13, 4, 0, 7),
(272, 13, 5, 0, 5),
(273, 13, 6, 0, 4),
(274, 13, 7, 0, 3),
(275, 13, 8, 0, -1),
(276, 13, 9, 0, -3),
(277, 13, 10, 0, -5),
(278, 13, 11, 0, -8),
(279, 13, 12, 0, -10),
(280, 13, 2, 1, -7),
(281, 13, 3, 1, 25),
(282, 13, 4, 1, 11),
(283, 13, 5, 1, -2),
(284, 13, 6, 1, 15),
(285, 13, 7, 1, 13),
(286, 13, 8, 1, 17),
(287, 13, 9, 1, 14),
(288, 13, 10, 1, 1),
(289, 13, 11, 1, 19),
(290, 13, 12, 1, 23),
(291, 14, 2, 0, 10),
(292, 14, 3, 0, -10),
(293, 14, 4, 0, -5),
(294, 14, 5, 0, -6),
(295, 14, 6, 0, -4),
(296, 14, 7, 0, 3),
(297, 14, 8, 0, -3),
(298, 14, 9, 0, -8),
(299, 14, 10, 0, -7),
(300, 14, 11, 0, 6),
(301, 14, 12, 0, -15),
(302, 14, 2, 1, -9),
(303, 14, 3, 1, 8),
(304, 14, 4, 1, 12),
(305, 14, 5, 1, 11),
(306, 14, 6, 1, 7),
(307, 14, 7, 1, -2),
(308, 14, 8, 1, 9),
(309, 14, 9, 1, 22),
(310, 14, 10, 1, 14),
(311, 14, 11, 1, -1),
(312, 14, 12, 1, 20),
(313, 15, 2, 0, 10),
(314, 15, 3, 0, 30),
(315, 15, 4, 0, -20),
(316, 15, 5, 0, -40),
(317, 15, 6, 0, 40),
(318, 15, 7, 0, -15),
(319, 15, 8, 0, 45),
(320, 15, 9, 0, -20),
(321, 15, 10, 0, 30),
(322, 15, 11, 0, 25),
(323, 15, 12, 0, -20),
(324, 15, 2, 1, -2),
(325, 15, 3, 1, -14),
(326, 15, 4, 1, 46),
(327, 15, 5, 1, 56),
(328, 15, 6, 1, -20),
(329, 15, 7, 1, 37),
(330, 15, 8, 1, -5),
(331, 15, 9, 1, 67),
(332, 15, 10, 1, -11),
(333, 15, 11, 1, -9),
(334, 15, 12, 1, 51),
(335, 16, 2, 0, 20),
(336, 16, 3, 0, 6),
(337, 16, 4, 0, 12),
(338, 16, 5, 0, 3),
(339, 16, 6, 0, 8),
(340, 16, 7, 0, 5),
(341, 16, 8, 0, 6),
(342, 16, 9, 0, 7),
(343, 16, 10, 0, 10),
(344, 16, 11, 0, 4),
(345, 16, 12, 0, -20),
(346, 16, 2, 1, -9),
(347, 16, 3, 1, 21),
(348, 16, 4, 1, 18),
(349, 16, 5, 1, 19),
(350, 16, 6, 1, 15),
(351, 16, 7, 1, 23),
(352, 16, 8, 1, 26),
(353, 16, 9, 1, 15),
(354, 16, 10, 1, 18),
(355, 16, 11, 1, 25),
(356, 16, 12, 1, 27),
(357, 17, 2, 0, 21),
(358, 17, 3, 0, -19),
(359, 17, 4, 0, 21),
(360, 17, 5, 0, 16),
(361, 17, 6, 0, 4),
(362, 17, 7, 0, 8),
(363, 17, 8, 0, -10),
(364, 17, 9, 0, 10),
(365, 17, 10, 0, -11),
(366, 17, 11, 0, 18),
(367, 17, 12, 0, -23),
(368, 17, 2, 1, -7),
(369, 17, 3, 1, 14),
(370, 17, 4, 1, -5),
(371, 17, 5, 1, 30),
(372, 17, 6, 1, 13),
(373, 17, 7, 1, 23),
(374, 17, 8, 1, 13),
(375, 17, 9, 1, 22),
(376, 17, 10, 1, 18),
(377, 17, 11, 1, -10),
(378, 17, 12, 1, 38),
(379, 18, 2, 0, 25),
(380, 18, 3, 0, 22),
(381, 18, 4, 0, 18),
(382, 18, 5, 0, -14),
(383, 18, 6, 0, -12),
(384, 18, 7, 0, -8),
(385, 18, 8, 0, 10),
(386, 18, 9, 0, 14),
(387, 18, 10, 0, -18),
(388, 18, 11, 0, -22),
(389, 18, 12, 0, -25),
(390, 18, 2, 1, -16),
(391, 18, 3, 1, -4),
(392, 18, 4, 1, 34),
(393, 18, 5, 1, 29),
(394, 18, 6, 1, -10),
(395, 18, 7, 1, 19),
(396, 18, 8, 1, -7),
(397, 18, 9, 1, 18),
(398, 18, 10, 1, -14),
(399, 18, 11, 1, 13),
(400, 18, 12, 1, 33),
(401, 19, 2, 0, 8),
(402, 19, 3, 0, -2),
(403, 19, 4, 0, 7),
(404, 19, 5, 0, 4),
(405, 19, 6, 0, 3),
(406, 19, 7, 0, 5),
(407, 19, 8, 0, 4),
(408, 19, 9, 0, 6),
(409, 19, 10, 0, -4),
(410, 19, 11, 0, -4),
(411, 19, 12, 0, -7),
(412, 19, 2, 1, -4),
(413, 19, 3, 1, 17),
(414, 19, 4, 1, 15),
(415, 19, 5, 1, 14),
(416, 19, 6, 1, 12),
(417, 19, 7, 1, 14),
(418, 19, 8, 1, 15),
(419, 19, 9, 1, 13),
(420, 19, 10, 1, 10),
(421, 19, 11, 1, 19),
(422, 19, 12, 1, 18);

-- --------------------------------------------------------

--
-- Table structure for table `settings`
--

CREATE TABLE IF NOT EXISTS `settings` (
  `id` int(11) NOT NULL AUTO_INCREMENT,
  `name` varchar(32) NOT NULL,
  PRIMARY KEY (`id`)
) ENGINE=InnoDB  DEFAULT CHARSET=latin1 AUTO_INCREMENT=2 ;

--
-- Dumping data for table `settings`
--

INSERT INTO `settings` (`id`, `name`) VALUES
(1, 'margin');

-- --------------------------------------------------------

--
-- Table structure for table `txn`
--

CREATE TABLE IF NOT EXISTS `txn` (
  `id` int(11) NOT NULL AUTO_INCREMENT,
  `user_id` int(11) NOT NULL,
  `game_id` int(11) NOT NULL,
  `year` int(11) NOT NULL,
  `security_id` int(11) DEFAULT NULL,
  `shares` int(11) DEFAULT NULL,
  `income` int(11) DEFAULT NULL,
  `margin` int(11) DEFAULT NULL,
  `margin_charge` int(11) DEFAULT NULL,
  `comment` varchar(255) DEFAULT NULL,
  `price` int(11) DEFAULT NULL,
  `amount` int(11) DEFAULT NULL,
  `balance` int(11) DEFAULT NULL,
  PRIMARY KEY (`id`)
) ENGINE=InnoDB  DEFAULT CHARSET=latin1 AUTO_INCREMENT=311 ;

--
-- Dumping data for table `txn`
--

INSERT INTO `txn` (`id`, `user_id`, `game_id`, `year`, `security_id`, `shares`, `income`, `margin`, `margin_charge`, `comment`, `price`, `amount`, `balance`) VALUES
(1, 4, 1, 1, 15, 50, NULL, 0, NULL, '0', 70, -3500, 1500),
(2, 3, 1, 1, 12, 45, NULL, 0, NULL, '0', 106, -4770, 230),
(3, 3, 1, 1, 12, 45, NULL, NULL, NULL, '0', NULL, NULL, 230),
(5, 3, 1, 2, 11, 40, NULL, 0, NULL, '0', NULL, -2560, NULL),
(6, 4, 1, 2, 18, 18, NULL, 0, NULL, '0', NULL, -1458, 42),
(8, 3, 1, 2, 11, 40, NULL, 0, NULL, '0', NULL, -2560, NULL),
(11, 3, 1, 2, 11, 40, NULL, 0, NULL, '0', NULL, -2560, NULL),
(14, 3, 1, 2, 11, 40, NULL, 0, NULL, '0', NULL, -2560, NULL),
(17, 3, 1, 2, 11, 40, NULL, 0, NULL, '0', NULL, -2560, NULL),
(20, 3, 1, 2, 11, 40, NULL, 0, NULL, '0', NULL, -2560, NULL),
(22, 4, 1, 3, 15, 50, NULL, 0, NULL, NULL, NULL, 6050, 6092),
(23, 3, 1, 3, 11, 10, NULL, 0, NULL, NULL, NULL, 870, NULL),
(25, 3, 1, 3, 11, 10, NULL, 0, NULL, NULL, NULL, 870, NULL),
(26, 4, 1, 3, 16, 85, NULL, 0, NULL, '0', NULL, -7310, -1218),
(29, 3, 2, 1, 13, 20, NULL, 0, NULL, '0', NULL, -2260, NULL),
(30, 4, 2, 1, 14, 50, NULL, 0, NULL, '0', NULL, -4900, NULL),
(31, 3, 2, 1, 19, 20, NULL, 0, NULL, '0', NULL, -2280, NULL),
(87, 4, 31, 1, 15, NULL, NULL, NULL, NULL, 'Dividend', NULL, -4750, NULL),
(88, 3, 31, 1, 18, NULL, NULL, NULL, NULL, 'Dividend', NULL, -4650, NULL),
(102, 3, 35, 1, 13, 42, NULL, NULL, NULL, '0', 117, -4914, 86),
(103, 4, 35, 1, 15, 52, NULL, NULL, NULL, '0', 95, -4940, 60),
(104, 3, 35, 2, 13, -42, NULL, NULL, NULL, NULL, 140, 5880, 5966),
(105, 4, 35, 2, 15, -52, NULL, NULL, NULL, NULL, 146, 7592, 7652),
(106, 4, 35, 2, 16, 99, NULL, NULL, NULL, '0', 77, -7623, 29),
(107, 3, 35, 2, 17, 78, NULL, NULL, NULL, '0', 76, -5928, 38),
(108, 4, 35, 3, 16, -45, NULL, NULL, NULL, NULL, 92, 4140, 4169),
(109, 3, 35, 3, 17, -50, NULL, NULL, NULL, NULL, 98, 4900, 4938),
(110, 3, 35, 3, 11, 60, NULL, NULL, NULL, '0', 77, -4620, 318),
(111, 4, 35, 3, 14, 54, NULL, NULL, NULL, '0', 76, -4104, 65),
(112, 4, 35, 4, 16, -10, NULL, NULL, NULL, NULL, 98, 980, 1045),
(113, 3, 35, 4, 15, 4, NULL, NULL, NULL, '0', 76, -304, 14),
(114, 4, 35, 4, 15, 13, NULL, NULL, NULL, '0', 76, -988, 57),
(115, 4, 35, 5, 16, -44, NULL, NULL, NULL, NULL, 118, 5192, 5249),
(116, 3, 35, 5, 17, -28, NULL, NULL, NULL, NULL, 109, 3052, 3066),
(117, 3, 35, 5, 19, 38, NULL, NULL, NULL, '0', 79, -3002, 64),
(118, 4, 35, 5, 19, 66, NULL, NULL, NULL, '0', 79, -5214, 35),
(119, 3, 35, 6, 11, -10, NULL, NULL, NULL, NULL, 114, 1140, 1378),
(120, 3, 35, 6, 19, -38, NULL, NULL, NULL, NULL, 91, 3458, 4836),
(121, 3, 35, 6, 15, 70, NULL, NULL, NULL, '0', 66, -4620, 216),
(122, 4, 35, 6, 15, 9, NULL, NULL, NULL, '0', 66, -594, 17),
(123, 4, 35, 7, 15, -22, NULL, NULL, NULL, NULL, 96, 2112, 2705),
(124, 3, 35, 7, 15, -20, NULL, NULL, NULL, NULL, 96, 1920, 2186),
(125, 3, 35, 7, 13, 22, NULL, NULL, NULL, '0', 99, -2178, 8),
(126, 4, 35, 7, 18, 36, NULL, NULL, NULL, '0', 74, -2664, 41),
(127, 3, 35, 8, 13, -11, NULL, NULL, NULL, NULL, 96, 1056, 1202),
(128, 4, 35, 8, 19, -40, NULL, NULL, NULL, NULL, 93, 3720, 4553),
(129, 4, 35, 8, 14, 50, NULL, NULL, NULL, '0', 75, -3750, 803),
(130, 3, 35, 8, 15, 14, NULL, NULL, NULL, '0', 76, -1064, 138),
(131, 3, 35, 9, 13, -11, NULL, NULL, NULL, NULL, 97, 1067, 1299),
(132, 4, 35, 9, 19, -26, NULL, NULL, NULL, NULL, 103, 2678, 4503),
(133, 4, 35, 9, 15, 69, NULL, NULL, NULL, '0', 65, -4485, 18),
(134, 3, 35, 9, 16, 15, NULL, NULL, NULL, '0', 84, -1260, 39),
(135, 4, 35, 10, 14, -70, NULL, NULL, NULL, NULL, 103, 7210, 8172),
(136, 3, 35, 10, 16, -15, NULL, NULL, NULL, NULL, 102, 1530, 1619),
(137, 4, 35, 10, 15, 151, NULL, NULL, NULL, '0', 54, -8154, 18),
(138, 3, 35, 10, 17, 20, NULL, NULL, NULL, '0', 79, -1580, 39),
(139, 4, 35, 10, 14, -70, NULL, NULL, NULL, NULL, 103, 7210, 7682),
(140, 3, 35, 10, 16, -15, NULL, NULL, NULL, NULL, 102, 1530, 1659),
(141, 3, 35, 10, 17, 20, NULL, NULL, NULL, '0', 79, -1580, 79),
(142, 4, 35, 10, 14, -70, NULL, NULL, NULL, NULL, 103, 7210, 14892),
(143, 3, 35, 10, 16, -15, NULL, NULL, NULL, NULL, 102, 1530, 1609),
(144, 3, 35, 10, 17, 20, NULL, NULL, NULL, '0', 79, -1580, 29),
(223, 4, 40, 1, 15, 30, NULL, NULL, NULL, 'BUY 30 shares of Stryker Drilling Company', 85, -2550, 2450),
(224, 3, 40, 1, 15, 58, NULL, NULL, NULL, 'BUY 58 shares of Stryker Drilling Company', 85, -4930, 70),
(225, 4, 40, 1, 18, 26, NULL, NULL, NULL, 'BUY 26 shares of Uranium Enterprises, Inc.', 92, -2392, 58),
(226, 4, 40, 1, 18, NULL, 156, NULL, NULL, 'Dividend: Uranium Enterprises, Inc.', NULL, NULL, 214),
(227, 3, 40, 2, 15, -46, NULL, NULL, NULL, 'SELL 46 shares of Stryker Drilling Company', 76, 3496, 3566),
(228, 4, 40, 2, 18, -1, NULL, NULL, NULL, 'SELL 1 shares of Uranium Enterprises, Inc.', 110, 110, 324),
(229, 3, 40, 2, 11, 30, NULL, NULL, NULL, 'BUY 30 shares of Growth Corporation of America', 117, -3510, 56),
(230, 4, 40, 2, 15, 4, NULL, NULL, NULL, 'BUY 4 shares of Stryker Drilling Company', 76, -304, 20),
(231, 4, 40, 2, 15, 64, NULL, NULL, NULL, 'Stryker Drilling Company share split 2 for 1', NULL, NULL, 20),
(232, 3, 40, 2, 15, 70, NULL, NULL, NULL, 'Stryker Drilling Company share split 2 for 1', NULL, NULL, 56),
(233, 3, 40, 2, 11, NULL, 30, NULL, NULL, 'Dividend: Growth Corporation of America', NULL, NULL, 86),
(234, 4, 40, 2, 18, NULL, 150, NULL, NULL, 'Dividend: Uranium Enterprises, Inc.', NULL, NULL, 170),
(235, 3, 40, 3, 15, -33, NULL, NULL, NULL, 'SELL 33 shares of Stryker Drilling Company', 56, 1848, 1934),
(236, 4, 40, 3, 18, -25, NULL, NULL, NULL, 'SELL 25 shares of Uranium Enterprises, Inc.', 128, 3200, 3370),
(237, 3, 40, 3, 17, 25, NULL, NULL, NULL, 'BUY 25 shares of United Auto Company', 76, -1900, 34),
(238, 4, 40, 3, 17, 44, NULL, NULL, NULL, 'BUY 44 shares of United Auto Company', 76, -3344, 26),
(239, 3, 40, 3, 17, 25, NULL, NULL, NULL, 'United Auto Company share split 2 for 1', NULL, NULL, 34),
(240, 4, 40, 3, 17, 44, NULL, NULL, NULL, 'United Auto Company share split 2 for 1', NULL, NULL, 26),
(241, 3, 40, 3, 11, NULL, 30, NULL, NULL, 'Dividend: Growth Corporation of America', NULL, NULL, 64),
(242, 3, 40, 3, 17, NULL, 100, NULL, NULL, 'Dividend: United Auto Company', NULL, NULL, 164),
(243, 4, 40, 3, 17, NULL, 176, NULL, NULL, 'Dividend: United Auto Company', NULL, NULL, 202),
(244, 3, 40, 4, 15, -50, NULL, NULL, NULL, 'SELL 50 shares of Stryker Drilling Company', 93, 4650, 4814),
(245, 4, 40, 4, 15, -40, NULL, NULL, NULL, 'SELL 40 shares of Stryker Drilling Company', 93, 3720, 3922),
(246, 3, 40, 4, 12, 62, NULL, NULL, NULL, 'BUY 62 shares of Metro Properties, Inc.', 77, -4774, 40),
(247, 4, 40, 4, 12, 50, NULL, NULL, NULL, 'BUY 50 shares of Metro Properties, Inc.', 77, -3850, 72),
(248, 3, 40, 4, 12, 62, NULL, NULL, NULL, 'Metro Properties, Inc. share split 2 for 1', NULL, NULL, 40),
(249, 4, 40, 4, 12, 50, NULL, NULL, NULL, 'Metro Properties, Inc. share split 2 for 1', NULL, NULL, 72),
(250, 3, 40, 4, 11, NULL, 30, NULL, NULL, 'Dividend: Growth Corporation of America', NULL, NULL, 70),
(251, 3, 40, 4, 17, NULL, 100, NULL, NULL, 'Dividend: United Auto Company', NULL, NULL, 170),
(252, 4, 40, 4, 17, NULL, 176, NULL, NULL, 'Dividend: United Auto Company', NULL, NULL, 248),
(253, 3, 40, 5, 12, -100, NULL, NULL, NULL, 'SELL 100 shares of Metro Properties, Inc.', 93, 9300, 9470),
(254, 4, 40, 5, 12, -100, NULL, NULL, NULL, 'SELL 100 shares of Metro Properties, Inc.', 93, 9300, 9548),
(255, 3, 40, 5, 11, 1, NULL, NULL, NULL, 'BUY 1 shares of Growth Corporation of America', 85, -85, 9385),
(256, 4, 40, 5, 13, 117, NULL, NULL, NULL, 'BUY 117 shares of Pioneer Mutual Fund', 81, -9477, 71),
(257, 3, 40, 5, 19, 120, NULL, NULL, NULL, 'BUY 120 shares of Valley Power & Light Company', 78, -9360, 25),
(258, 3, 40, 6, 11, NULL, 31, NULL, NULL, 'Dividend: Growth Corporation of America', NULL, NULL, 56),
(259, 4, 40, 6, 13, NULL, 468, NULL, NULL, 'Dividend: Pioneer Mutual Fund', NULL, NULL, 539),
(260, 3, 40, 6, 17, NULL, 100, NULL, NULL, 'Dividend: United Auto Company', NULL, NULL, 156),
(261, 4, 40, 6, 17, NULL, 176, NULL, NULL, 'Dividend: United Auto Company', NULL, NULL, 715),
(262, 3, 40, 6, 19, NULL, 360, NULL, NULL, 'Dividend: Valley Power & Light Company', NULL, NULL, 516),
(263, 3, 40, 6, 12, -24, NULL, NULL, NULL, 'SELL 24 shares of Metro Properties, Inc.', 108, 2592, 3108),
(264, 4, 40, 6, 17, -18, NULL, NULL, NULL, 'SELL 18 shares of United Auto Company', 126, 2268, 2983),
(265, 3, 40, 6, 15, 52, NULL, NULL, NULL, 'BUY 52 shares of Stryker Drilling Company', 59, -3068, 40),
(266, 4, 40, 6, 15, 50, NULL, NULL, NULL, 'BUY 50 shares of Stryker Drilling Company', 59, -2950, 33),
(267, 3, 40, 7, 11, NULL, 31, NULL, NULL, 'Dividend: Growth Corporation of America', NULL, NULL, 71),
(268, 4, 40, 7, 13, NULL, 468, NULL, NULL, 'Dividend: Pioneer Mutual Fund', NULL, NULL, 501),
(269, 3, 40, 7, 17, NULL, 100, NULL, NULL, 'Dividend: United Auto Company', NULL, NULL, 171),
(270, 4, 40, 7, 17, NULL, 140, NULL, NULL, 'Dividend: United Auto Company', NULL, NULL, 641),
(271, 3, 40, 7, 19, NULL, 360, NULL, NULL, 'Dividend: Valley Power & Light Company', NULL, NULL, 531),
(272, 3, 40, 7, 11, -1, NULL, NULL, NULL, 'SELL 1 shares of Growth Corporation of America', 124, 124, 655),
(273, 4, 40, 7, 13, -50, NULL, NULL, NULL, 'SELL 50 shares of Pioneer Mutual Fund', 113, 5650, 6291),
(274, 3, 40, 7, 15, 12, NULL, NULL, NULL, 'BUY 12 shares of Stryker Drilling Company', 54, -648, 7),
(275, 4, 40, 7, 15, 3, NULL, NULL, NULL, 'BUY 3 shares of Stryker Drilling Company', 54, -162, 6129),
(276, 4, 40, 7, 19, 58, NULL, NULL, NULL, 'BUY 58 shares of Valley Power & Light Company', 105, -6090, 39),
(277, 3, 40, 8, 11, NULL, 30, NULL, NULL, 'Dividend: Growth Corporation of America', NULL, NULL, 37),
(278, 4, 40, 8, 13, NULL, 268, NULL, NULL, 'Dividend: Pioneer Mutual Fund', NULL, NULL, 307),
(279, 3, 40, 8, 17, NULL, 100, NULL, NULL, 'Dividend: United Auto Company', NULL, NULL, 137),
(280, 4, 40, 8, 17, NULL, 140, NULL, NULL, 'Dividend: United Auto Company', NULL, NULL, 447),
(281, 3, 40, 8, 19, NULL, 360, NULL, NULL, 'Dividend: Valley Power & Light Company', NULL, NULL, 497),
(282, 4, 40, 8, 19, NULL, 174, NULL, NULL, 'Dividend: Valley Power & Light Company', NULL, NULL, 621),
(283, 3, 40, 8, 15, -110, NULL, NULL, NULL, 'SELL 110 shares of Stryker Drilling Company', 84, 9240, 9737),
(284, 4, 40, 8, 15, -57, NULL, NULL, NULL, 'SELL 57 shares of Stryker Drilling Company', 84, 4788, 5409),
(285, 4, 40, 8, 13, 50, NULL, NULL, NULL, 'BUY 50 shares of Pioneer Mutual Fund', 108, -5400, 9),
(286, 3, 40, 8, 18, 90, NULL, NULL, NULL, 'BUY 90 shares of Uranium Enterprises, Inc.', 108, -9720, 17),
(287, 3, 40, 9, 11, 30, NULL, NULL, NULL, 'Growth Corporation of America share split 2 for 1', NULL, NULL, 17),
(288, 3, 40, 9, 11, NULL, 60, NULL, NULL, 'Dividend: Growth Corporation of America', NULL, NULL, 77),
(289, 4, 40, 9, 13, NULL, 468, NULL, NULL, 'Dividend: Pioneer Mutual Fund', NULL, NULL, 477),
(290, 3, 40, 9, 17, NULL, 100, NULL, NULL, 'Dividend: United Auto Company', NULL, NULL, 177),
(291, 4, 40, 9, 17, NULL, 140, NULL, NULL, 'Dividend: United Auto Company', NULL, NULL, 617),
(292, 3, 40, 9, 18, NULL, 540, NULL, NULL, 'Dividend: Uranium Enterprises, Inc.', NULL, NULL, 717),
(293, 3, 40, 9, 19, NULL, 360, NULL, NULL, 'Dividend: Valley Power & Light Company', NULL, NULL, 1077),
(294, 4, 40, 9, 19, NULL, 174, NULL, NULL, 'Dividend: Valley Power & Light Company', NULL, NULL, 791),
(295, 3, 40, 9, 15, -11, NULL, NULL, NULL, 'SELL 11 shares of Stryker Drilling Company', 130, 1430, 2507),
(296, 4, 40, 9, 15, -84, NULL, NULL, NULL, 'SELL 84 shares of Stryker Drilling Company', 130, 10920, 11711),
(297, 3, 40, 9, 17, -50, NULL, NULL, NULL, 'SELL 50 shares of United Auto Company', 123, 6150, 8657),
(298, 3, 40, 9, 11, 112, NULL, NULL, NULL, 'BUY 112 shares of Growth Corporation of America', 77, -8624, 33),
(299, 4, 40, 9, 11, 152, NULL, NULL, NULL, 'BUY 152 shares of Growth Corporation of America', 77, -11704, 7),
(300, 3, 40, 10, 11, NULL, 172, NULL, NULL, 'Dividend: Growth Corporation of America', NULL, NULL, 205),
(301, 4, 40, 10, 11, NULL, 152, NULL, NULL, 'Dividend: Growth Corporation of America', NULL, NULL, 159),
(302, 4, 40, 10, 13, NULL, 468, NULL, NULL, 'Dividend: Pioneer Mutual Fund', NULL, NULL, 627),
(303, 4, 40, 10, 17, NULL, 140, NULL, NULL, 'Dividend: United Auto Company', NULL, NULL, 767),
(304, 3, 40, 10, 18, NULL, 540, NULL, NULL, 'Dividend: Uranium Enterprises, Inc.', NULL, NULL, 745),
(305, 3, 40, 10, 19, NULL, 360, NULL, NULL, 'Dividend: Valley Power & Light Company', NULL, NULL, 1105),
(306, 4, 40, 10, 19, NULL, 174, NULL, NULL, 'Dividend: Valley Power & Light Company', NULL, NULL, 941),
(307, 3, 41, 1, 11, 501, NULL, NULL, NULL, 'BUY 501 shares of Growth Corporation of America', 117, -58617, -53617),
(308, 4, 41, 1, 14, 501, NULL, NULL, NULL, 'BUY 501 shares of Shady Brooks Development', 98, -49098, -44098),
(309, 3, 41, 2, 11, NULL, 501, NULL, NULL, 'Dividend: Growth Corporation of America', NULL, NULL, -53116),
(310, 4, 41, 2, 14, NULL, 3507, NULL, NULL, 'Dividend: Shady Brooks Development', NULL, NULL, -40591);

-- --------------------------------------------------------

--
-- Table structure for table `txn_order`
--

CREATE TABLE IF NOT EXISTS `txn_order` (
  `id` int(11) NOT NULL AUTO_INCREMENT,
  `user_id` int(11) NOT NULL,
  `game_id` int(11) NOT NULL,
  `year` int(11) NOT NULL,
  `action` varchar(255) NOT NULL,
  `security_symbol` varchar(255) NOT NULL,
  `shares` int(11) NOT NULL,
  `margin` int(11) NOT NULL DEFAULT '0',
  `comment` varchar(255) DEFAULT NULL,
  `invalid` int(11) NOT NULL,
  PRIMARY KEY (`id`)
) ENGINE=InnoDB  DEFAULT CHARSET=latin1 AUTO_INCREMENT=190 ;

--
-- Dumping data for table `txn_order`
--

INSERT INTO `txn_order` (`id`, `user_id`, `game_id`, `year`, `action`, `security_symbol`, `shares`, `margin`, `comment`, `invalid`) VALUES
(1, 3, 1, 1, 'BUY', 'MET', 45, 0, NULL, 0),
(4, 4, 1, 1, 'BUY', 'STK', 50, 0, NULL, 0),
(5, 3, 1, 2, 'SELL', 'MET', 40, 0, NULL, 0),
(6, 3, 1, 2, 'BUY', 'GRO', 40, 0, NULL, 0),
(7, 4, 1, 2, 'BUY', 'URE', 18, 0, NULL, 0),
(8, 3, 1, 3, 'SELL', 'GRO', 10, 0, NULL, 0),
(9, 4, 1, 3, 'SELL', 'STK', 50, 0, NULL, 0),
(10, 4, 1, 3, 'BUY', 'TCT', 85, 0, NULL, 0),
(11, 4, 2, 1, 'BUY', 'SHB', 50, 0, NULL, 0),
(12, 3, 2, 1, 'BUY', 'VAL', 20, 0, NULL, 0),
(13, 3, 2, 1, 'BUY', 'PIO', 20, 0, NULL, 0),
(14, 3, 28, 1, 'BUY', 'GRO', 40, 0, NULL, 0),
(15, 4, 28, 1, 'BUY', 'STK', 50, 0, NULL, 0),
(16, 3, 28, 2, 'SELL', 'GRO', 20, 0, NULL, 0),
(17, 3, 28, 2, 'BUY', 'URE', 30, 0, NULL, 0),
(18, 4, 28, 2, 'SELL', 'STK', 1, 0, NULL, 0),
(19, 4, 29, 1, 'BUY', 'SHB', 44, 0, NULL, 0),
(20, 3, 29, 1, 'BUY', 'GRO', 41, 0, NULL, 0),
(21, 3, 29, 2, 'SELL', 'GRO', 21, 0, NULL, 0),
(22, 3, 29, 2, 'BUY', 'PIO', 22, 0, NULL, 0),
(23, 4, 29, 2, 'SELL', 'SHB', 44, 0, NULL, 0),
(24, 4, 29, 2, 'BUY', 'UAC', 49, 0, NULL, 0),
(25, 3, 29, 3, 'SELL', 'GRO', 20, 0, NULL, 0),
(26, 3, 29, 3, 'SELL', 'PIO', 22, 0, NULL, 0),
(27, 3, 29, 3, 'BUY', 'MET', 72, 0, NULL, 0),
(28, 4, 29, 3, 'SELL', 'UAC', 49, 0, NULL, 0),
(29, 4, 29, 3, 'BUY', 'STK', 60, 0, NULL, 0),
(30, 3, 29, 4, 'SELL', 'MET', 40, 0, NULL, 0),
(31, 3, 29, 4, 'BUY', 'STK', 43, 0, NULL, 0),
(32, 4, 29, 4, 'SELL', 'STK', 1, 0, NULL, 0),
(33, 3, 29, 5, 'SELL', 'STK', 43, 0, NULL, 0),
(34, 3, 29, 5, 'BUY', 'PIO', 70, 0, NULL, 0),
(35, 3, 29, 5, 'SELL', 'MET', 32, 0, NULL, 0),
(36, 3, 29, 5, 'BUY', 'VAL', 45, 0, NULL, 0),
(37, 4, 29, 5, 'SELL', 'STK', 59, 0, NULL, 0),
(38, 4, 29, 5, 'BUY', 'PIO', 98, 0, NULL, 0),
(39, 4, 29, 6, 'SELL', 'PIO', 40, 0, NULL, 0),
(40, 4, 29, 6, 'BUY', 'STK', 43, 0, NULL, 0),
(41, 3, 29, 6, 'SELL', 'PIO', 10, 0, NULL, 0),
(42, 3, 29, 6, 'BUY', 'VAL', 11, 0, NULL, 0),
(43, 3, 29, 7, 'SELL', 'PIO', 50, 0, NULL, 0),
(44, 3, 29, 7, 'BUY', 'VAL', 56, 0, NULL, 0),
(45, 4, 29, 7, 'SELL', 'STK', 43, 0, NULL, 0),
(46, 4, 29, 7, 'BUY', 'GRO', 55, 0, NULL, 0),
(47, 4, 29, 8, 'SELL', 'STK', 43, 0, NULL, 0),
(48, 4, 29, 8, 'BUY', 'UAC', 70, 0, NULL, 0),
(49, 3, 29, 8, 'SELL', 'PIO', 50, 0, NULL, 0),
(50, 3, 29, 8, 'BUY', 'MET', 65, 0, NULL, 0),
(51, 3, 29, 9, 'SELL', 'PIO', 50, 0, NULL, 0),
(52, 3, 29, 9, 'BUY', 'MET', 58, 0, NULL, 0),
(53, 4, 29, 9, 'SELL', 'STK', 40, 0, NULL, 0),
(54, 4, 29, 9, 'BUY', 'TCT', 40, 0, NULL, 0),
(55, 3, 29, 10, 'SELL', 'PIO', 50, 0, NULL, 0),
(56, 3, 29, 10, 'BUY', 'MET', 67, 0, NULL, 0),
(57, 4, 29, 10, 'SELL', 'STK', 40, 0, NULL, 0),
(58, 4, 29, 10, 'BUY', 'TCT', 50, 0, NULL, 0),
(59, 3, 30, 1, 'BUY', 'STK', 62, 0, NULL, 0),
(60, 4, 30, 1, 'BUY', 'GRO', 45, 0, NULL, 0),
(61, 4, 31, 1, 'BUY', 'STK', 50, 0, NULL, 0),
(62, 3, 31, 1, 'BUY', 'URE', 50, 0, NULL, 0),
(63, 4, 32, 1, 'BUY', 'PIO', 50, 0, NULL, 0),
(64, 3, 32, 1, 'BUY', 'STK', 64, 0, NULL, 0),
(65, 4, 33, 1, 'BUY', 'STK', 50, 0, NULL, 0),
(66, 4, 33, 1, 'BUY', 'PIO', 11, 0, NULL, 0),
(67, 3, 33, 1, 'BUY', 'STK', 64, 0, NULL, 0),
(68, 4, 34, 1, 'BUY', 'SHB', 50, 0, NULL, 0),
(69, 3, 34, 1, 'BUY', 'PIO', 50, 0, NULL, 0),
(70, 3, 34, 2, 'SELL', 'PIO', 25, 0, NULL, 0),
(71, 3, 34, 2, 'BUY', 'SHB', 27, 0, NULL, 0),
(72, 4, 34, 2, 'BUY', 'STK', 5, 0, NULL, 0),
(73, 3, 34, 3, 'SELL', 'STK', 5, 0, NULL, 0),
(74, 3, 34, 3, 'BUY', 'UAC', 10, 0, NULL, 0),
(75, 4, 34, 3, 'SELL', 'STK', 5, 0, NULL, 0),
(76, 3, 35, 1, 'BUY', 'PIO', 42, 0, NULL, 0),
(77, 4, 35, 1, 'BUY', 'STK', 52, 0, NULL, 0),
(78, 3, 35, 2, 'SELL', 'PIO', 42, 0, NULL, 0),
(79, 3, 35, 2, 'BUY', 'UAC', 78, 0, NULL, 0),
(80, 4, 35, 2, 'SELL', 'STK', 52, 0, NULL, 0),
(81, 4, 35, 2, 'BUY', 'TCT', 99, 0, NULL, 0),
(82, 3, 35, 3, 'SELL', 'UAC', 50, 0, NULL, 0),
(83, 3, 35, 3, 'BUY', 'GRO', 60, 0, NULL, 0),
(84, 4, 35, 3, 'SELL', 'TCT', 45, 0, NULL, 0),
(85, 4, 35, 3, 'BUY', 'SHB', 54, 0, NULL, 0),
(86, 3, 35, 4, 'BUY', 'STK', 4, 0, NULL, 0),
(87, 4, 35, 4, 'SELL', 'TCT', 10, 0, NULL, 0),
(88, 4, 35, 4, 'BUY', 'STK', 13, 0, NULL, 0),
(89, 3, 35, 5, 'SELL', 'UAC', 28, 0, NULL, 0),
(90, 3, 35, 5, 'BUY', 'VAL', 38, 0, NULL, 0),
(91, 4, 35, 5, 'SELL', 'TCT', 44, 0, NULL, 0),
(92, 4, 35, 5, 'BUY', 'VAL', 66, 0, NULL, 0),
(93, 3, 35, 6, 'SELL', 'GRO', 10, 0, NULL, 0),
(94, 3, 35, 6, 'SELL', 'VAL', 38, 0, NULL, 0),
(95, 3, 35, 6, 'BUY', 'STK', 70, 0, NULL, 0),
(96, 4, 35, 6, 'BUY', 'STK', 9, 0, NULL, 0),
(97, 4, 35, 7, 'SELL', 'STK', 22, 0, NULL, 0),
(98, 4, 35, 7, 'BUY', 'URE', 36, 0, NULL, 0),
(99, 3, 35, 7, 'BUY', 'PIO', 22, 0, NULL, 0),
(100, 3, 35, 7, 'SELL', 'STK', 20, 0, NULL, 0),
(101, 3, 35, 8, 'SELL', 'PIO', 11, 0, NULL, 0),
(102, 3, 35, 8, 'BUY', 'STK', 14, 0, NULL, 0),
(103, 4, 35, 8, 'SELL', 'VAL', 40, 0, NULL, 0),
(104, 4, 35, 8, 'BUY', 'SHB', 50, 0, NULL, 0),
(105, 3, 35, 9, 'SELL', 'PIO', 11, 0, NULL, 0),
(106, 3, 35, 9, 'BUY', 'TCT', 15, 0, NULL, 0),
(107, 4, 35, 9, 'SELL', 'VAL', 26, 0, NULL, 0),
(108, 4, 35, 9, 'BUY', 'STK', 69, 0, NULL, 0),
(109, 4, 35, 10, 'BUY', 'STK', 151, 0, NULL, 0),
(110, 4, 35, 10, 'SELL', 'SHB', 70, 0, NULL, 0),
(111, 3, 35, 10, 'SELL', 'TCT', 15, 0, NULL, 0),
(112, 3, 35, 10, 'BUY', 'UAC', 20, 0, NULL, 0),
(113, 4, 36, 1, 'BUY', 'URE', 30, 0, NULL, 0),
(114, 4, 36, 1, 'BUY', 'GRO', 19, 0, NULL, 0),
(115, 3, 36, 1, 'BUY', 'PIO', 20, 0, NULL, 0),
(116, 3, 36, 1, 'BUY', 'VAL', 24, 0, NULL, 0),
(117, 4, 36, 2, 'SELL', 'GRO', 9, 0, NULL, 0),
(118, 4, 36, 2, 'BUY', 'STK', 24, 0, NULL, 0),
(119, 3, 36, 2, 'SELL', 'PIO', 20, 0, NULL, 0),
(120, 3, 36, 2, 'BUY', 'URE', 34, 0, NULL, 0),
(121, 4, 37, 1, 'BUY', 'STK', 25, 0, NULL, 0),
(122, 4, 37, 1, 'BUY', 'SHB', 32, 0, NULL, 0),
(123, 3, 37, 1, 'BUY', 'GRO', 51, 0, NULL, 0),
(124, 4, 37, 2, 'SELL', 'STK', 32, 0, NULL, 0),
(125, 4, 37, 2, 'BUY', 'SHB', 41, 0, NULL, 0),
(126, 4, 38, 1, 'BUY', 'GRO', 25, 0, NULL, 0),
(127, 4, 38, 1, 'BUY', 'URE', 33, 0, NULL, 0),
(128, 3, 38, 1, 'BUY', 'URE', 64, 0, NULL, 0),
(129, 3, 38, 2, 'SELL', 'URE', 10, 0, NULL, 0),
(130, 3, 38, 2, 'BUY', 'SHB', 13, 0, NULL, 0),
(131, 4, 38, 2, 'SELL', 'URE', 1, 0, NULL, 0),
(132, 4, 38, 2, 'BUY', 'GRO', 3, 0, NULL, 0),
(133, 4, 38, 3, 'SELL', 'URE', 32, 0, NULL, 0),
(134, 4, 38, 3, 'BUY', 'UAC', 37, 0, NULL, 0),
(135, 4, 38, 3, 'BUY', 'GRO', 10, 0, NULL, 0),
(136, 3, 38, 3, 'SELL', 'URE', 20, 0, NULL, 0),
(137, 3, 38, 3, 'BUY', 'SHB', 25, 0, NULL, 0),
(138, 3, 38, 3, 'BUY', 'UAC', 1, 0, NULL, 0),
(139, 3, 38, 4, 'SELL', 'UAC', 1, 0, NULL, 0),
(140, 3, 38, 4, 'BUY', 'MET', 7, 0, NULL, 0),
(141, 4, 38, 4, 'SELL', 'UAC', 37, 0, NULL, 0),
(142, 4, 38, 4, 'BUY', 'TCT', 45, 0, NULL, 0),
(143, 4, 39, 1, 'BUY', 'STK', 20, 0, NULL, 0),
(144, 4, 40, 1, 'BUY', 'STK', 30, 0, NULL, 0),
(145, 4, 40, 1, 'BUY', 'URE', 26, 0, NULL, 0),
(146, 3, 40, 1, 'BUY', 'STK', 58, 0, NULL, 0),
(147, 3, 40, 2, 'SELL', 'STK', 46, 0, NULL, 0),
(148, 3, 40, 2, 'BUY', 'GRO', 30, 0, NULL, 0),
(149, 4, 40, 2, 'SELL', 'URE', 1, 0, NULL, 0),
(150, 4, 40, 2, 'BUY', 'STK', 4, 0, NULL, 0),
(151, 3, 40, 3, 'SELL', 'STK', 33, 0, NULL, 0),
(152, 3, 40, 3, 'BUY', 'UAC', 25, 0, NULL, 0),
(153, 4, 40, 3, 'SELL', 'URE', 25, 0, NULL, 0),
(154, 4, 40, 3, 'BUY', 'UAC', 44, 0, NULL, 0),
(155, 3, 40, 4, 'SELL', 'STK', 50, 0, NULL, 0),
(156, 3, 40, 4, 'BUY', 'MET', 62, 0, NULL, 0),
(157, 4, 40, 4, 'BUY', 'MET', 50, 0, NULL, 0),
(158, 4, 40, 4, 'SELL', 'STK', 40, 0, NULL, 0),
(159, 3, 40, 5, 'SELL', 'MET', 100, 0, NULL, 0),
(160, 3, 40, 5, 'BUY', 'VAL', 120, 0, NULL, 0),
(161, 3, 40, 5, 'BUY', 'GRO', 1, 0, NULL, 0),
(162, 4, 40, 5, 'SELL', 'MET', 100, 0, NULL, 0),
(163, 4, 40, 5, 'BUY', 'PIO', 117, 0, NULL, 0),
(164, 3, 40, 6, 'SELL', 'MET', 24, 0, NULL, 0),
(165, 3, 40, 6, 'BUY', 'STK', 52, 0, NULL, 0),
(166, 4, 40, 6, 'SELL', 'UAC', 18, 0, NULL, 0),
(167, 4, 40, 6, 'BUY', 'STK', 50, 0, NULL, 0),
(168, 3, 40, 7, 'SELL', 'GRO', 1, 0, NULL, 0),
(169, 3, 40, 7, 'BUY', 'STK', 12, 0, NULL, 0),
(170, 4, 40, 7, 'SELL', 'PIO', 50, 0, NULL, 0),
(171, 4, 40, 7, 'BUY', 'VAL', 58, 0, NULL, 0),
(172, 4, 40, 7, 'BUY', 'STK', 3, 0, NULL, 0),
(173, 3, 40, 8, 'SELL', 'STK', 110, 0, NULL, 0),
(174, 3, 40, 8, 'BUY', 'URE', 90, 0, NULL, 0),
(175, 4, 40, 8, 'SELL', 'STK', 57, 0, NULL, 0),
(176, 4, 40, 8, 'BUY', 'PIO', 50, 0, NULL, 0),
(177, 3, 40, 9, 'SELL', 'UAC', 50, 0, NULL, 0),
(178, 3, 40, 9, 'SELL', 'STK', 11, 0, NULL, 0),
(179, 3, 40, 9, 'BUY', 'GRO', 112, 0, NULL, 0),
(180, 4, 40, 9, 'SELL', 'STK', 84, 0, NULL, 0),
(181, 4, 40, 9, 'BUY', 'GRO', 152, 0, NULL, 0),
(182, 3, 40, 10, 'SELL', 'VAL', 120, 0, NULL, 0),
(183, 3, 40, 10, 'BUY', 'SHB', 215, 0, NULL, 0),
(184, 4, 40, 10, 'SELL', 'UAC', 70, 0, NULL, 0),
(185, 4, 40, 10, 'BUY', 'SHB', 134, 0, NULL, 0),
(186, 4, 41, 1, 'BUY', 'SHB', 501, 0, NULL, 0),
(187, 3, 41, 1, 'BUY', 'GRO', 501, 0, NULL, 0),
(188, 3, 41, 2, 'SELL', 'MET', 10, 0, NULL, 0),
(189, 4, 41, 2, 'SELL', 'TCT', 10, 0, NULL, 0);

-- --------------------------------------------------------

--
-- Table structure for table `users`
--

CREATE TABLE IF NOT EXISTS `users` (
  `id` int(11) NOT NULL AUTO_INCREMENT,
  `username` varchar(128) NOT NULL,
  `password` varchar(256) NOT NULL,
  `salt` varchar(256) NOT NULL,
  `email` varchar(256) NOT NULL,
  PRIMARY KEY (`id`),
  UNIQUE KEY `username` (`username`,`email`)
) ENGINE=InnoDB  DEFAULT CHARSET=latin1 AUTO_INCREMENT=5 ;

--
-- Dumping data for table `users`
--

INSERT INTO `users` (`id`, `username`, `password`, `salt`, `email`) VALUES
(3, 'carbontax', '2f11d176d8d89843dd9f6a5fbe8c2291f976a5e5', 'berkshirehathaway', 'carbontax@gmail.com'),
(4, 'googalan', '2f11d176d8d89843dd9f6a5fbe8c2291f976a5e5', 'berkshirehathaway', 'googalan@gmail.com');
